Neighbourhood,F2020_Population_Projection,Assault_Rate2018,Assault_Rate2019,Assault_Rate2020,AutoTheft_Rate2018,AutoTheft_Rate2019,AutoTheft_Rate2020,BreakAndEnter_Rate2018,BreakAndEnter_Rate2019,BreakAndEnter_Rate2020,Robbery_Rate2018,Robbery_Rate2019,Robbery_Rate2020,TheftOver_Rate2018,TheftOver_Rate2019,TheftOver_Rate2020,Homicide_Rate2018,Homicide_Rate2019,Homicide_Rate2020,Shootings_Rate2018,Shootings_Rate2019,Shootings_Rate2020
Yonge-St.Clair,14083,207.2846,253.8071,163.3175,44.41812,43.50979,63.90684,177.6725,203.0457,184.6198,7.40302,29.00653,35.5038,22.20906,43.50979,21.30228,0,0,0,0,0,0
York University Heights,30277,1230.33,1279.861,1126.267,309.2819,492.5118,607.722,414.6416,371.8967,346.7979,319.478,281.4353,155.2334,129.1507,103.863,142.022,0,0,3.302837,27.18961,20.10252,39.63404
Lansing-Westgate,18146,390.1543,393.5901,534.553,91.80102,168.6815,242.4777,286.8782,219.2859,214.9234,183.602,67.47259,60.61942,34.42538,56.22716,49.59771,0,0,0,5.737564,11.24543,5.510856
Yorkdale-Glen Park,17560,1086.558,1237.405,888.3827,390.6727,377.1139,495.4442,408.9855,530.3164,461.2756,286.9003,247.481,227.7904,122.0852,176.7721,102.5057,6.104261,5.892405,5.694761,61.04261,100.1709,79.72665
Stonegate-Queensway,27410,323.2961,307.3277,379.4236,116.537,129.596,164.1737,146.611,236.9756,127.6906,97.74068,88.86585,72.96607,30.07406,14.81098,18.24152,0,0,0,3.759257,3.702744,0
Tam O'Shanter-Sullivan,29970,450.2802,365.6431,437.1038,103.1176,81.25402,123.4568,264.6685,226.8341,180.1802,58.4333,104.9531,60.06006,10.31176,10.15675,6.67334,6.874506,6.771168,3.33667,13.74901,6.771168,6.67334
The Beaches,23364,434.3629,355.1628,359.5275,127.2376,90.95634,98.44205,188.6627,251.2128,282.4859,57.03756,73.63132,25.68053,26.32503,38.98129,42.80089,0,0,0,0,8.662509,0
Thistletown-Beaumond Heights,10948,490.1961,688.642,511.5089,406.9552,468.2766,392.7658,147.9837,128.5465,91.34088,101.7388,91.81893,82.20679,18.49796,27.54568,45.67044,0,0,0,9.248982,27.54568,9.134089
Thorncliffe Park,23518,415.1943,516.0898,399.6938,53.00353,65.05334,85.04124,106.0071,121.4329,174.3345,17.66784,56.37957,21.26031,17.66784,21.68445,12.75619,0,0,8.504125,13.25088,34.69512,38.26856
Danforth East York,18427,436.8503,465.5493,303.9019,71.88675,49.29346,86.82911,99.5355,131.4492,179.085,55.2975,43.81641,48.84137,16.58925,43.81641,27.1341,0,0,5.426819,0,5.477051,0
Humewood-Cedarvale,15854,286.477,288.2767,264.9174,143.2385,102.4984,145.0738,221.3686,179.3722,309.0703,26.04336,64.0615,37.84534,39.06504,19.21845,37.84534,0,0,0,0,0,0
Islington-City Centre West,51481,487.261,434.4953,431.2271,326.2171,346.3949,291.3696,245.6952,250.2853,192.304,72.26328,72.08218,67.98624,113.5566,70.07989,56.33146,2.064665,2.002283,0,6.193996,10.01141,7.769857
Danforth,10353,1091.338,1051.504,627.8373,127.8144,87.62535,67.61325,294.9562,389.446,386.3615,373.6112,253.1399,183.5217,49.15937,38.9446,19.31807,0,0,0,0,9.736151,0
Rustic,10756,696.3655,640.241,557.8282,133.5496,357.7817,195.2399,95.39254,131.8143,130.1599,76.31403,47.07655,74.37709,19.07851,9.415309,46.48568,9.539254,9.415309,0,66.77478,65.90717,55.78282
Scarborough Village,18116,1012.673,972.5016,982.5569,113.1478,111.7818,126.9596,254.5825,223.5636,154.5595,62.23127,156.4945,93.8397,22.62955,11.17818,38.63988,0,0,5.519982,22.62955,33.53454,11.03996
South Parkdale,24212,864.5287,1006.88,978.8535,59.62267,83.90669,66.08293,332.1835,373.3848,363.4561,140.5392,142.6414,66.08293,38.32886,100.688,49.5622,4.258762,4.195335,0,25.55257,12.586,16.52073
South Riverdale,30225,987.5207,835.8129,701.4061,125.1311,127.0436,125.7237,307.7547,441.3092,469.8098,114.9853,117.0138,115.7982,77.78416,70.20828,79.40446,0,0,0,13.52768,20.05951,9.925558
St.Andrew-Windfields,20070,312.7606,351.467,249.1281,119.8916,203.749,154.4594,422.2269,427.8729,249.1281,31.27606,56.03097,39.86049,31.27606,35.65607,19.93024,0,0,0,5.212677,5.093725,4.982561
Taylor-Massey,16651,754.1661,719.7291,684.6436,72.98383,72.57772,84.07903,249.3614,381.033,192.1806,103.3937,84.674,156.1468,24.32794,18.14443,48.04516,6.081985,6.048143,0,6.081985,12.09629,18.01694
Humber Summit,13458,928.9576,954.8872,743.0524,829.9703,1022.556,817.3577,426.4068,443.609,193.1936,258.8898,210.5263,185.7631,114.2161,165.4135,163.4715,22.84322,22.55639,0,38.07203,60.15038,37.15262
Humbermede,16794,645.4756,933.6224,494.2241,328.8272,403.5658,440.6335,267.9333,373.449,196.4987,164.4136,162.631,83.36311,60.89392,48.18697,59.54507,0,0,0,30.44696,24.09348,35.72705
Centennial Scarborough,14672,323.8297,339.4057,313.5224,70.39775,138.5329,68.15704,112.6364,200.8728,54.52563,42.23865,6.926647,20.44711,14.07955,20.77994,6.815703,0,0,0,0,6.926647,6.815703
Church-Yonge Corridor,39279,2249.688,2421.777,1937.422,199.9722,148.8689,76.37669,561.0332,821.4371,613.5594,524.9271,396.0975,351.3328,113.8731,108.9933,112.0191,2.777392,2.658373,0,2.777392,10.63349,5.091779
Clairlea-Birchmount,29302,983.4803,991.5014,627.9435,160.9968,231.4655,167.2241,227.4955,224.5561,204.7642,94.49811,120.9148,102.3821,41.99916,48.36592,20.47642,3.49993,3.454709,3.412736,20.99958,10.36413,6.825473
Cliffcrest,17715,809.3367,787.9904,626.5876,134.8895,109.2833,107.2537,310.8322,264.5807,203.2176,87.97138,166.8009,129.8335,17.59428,17.25526,50.8044,5.864758,5.751754,0,5.864758,5.751754,11.28987
Flemingdon Park,23505,624.079,648.6533,527.5473,34.67106,34.36574,63.81621,60.67435,68.73148,46.79855,69.34212,55.84432,21.27207,4.333882,12.88715,8.508828,0,0,0,26.00329,38.66145,55.30738
Corso Italia-Davenport,15139,624.2449,618.8448,587.8856,73.83541,106.4679,92.47639,214.7939,266.1698,270.8237,134.2462,219.5901,79.26547,33.56155,39.92547,39.63274,0,0,6.605456,0,6.654245,26.42182
Ionview,14407,652.6316,558.1915,596.9321,21.05263,55.81915,41.64642,133.3333,132.5705,104.1161,56.14035,83.72872,13.88214,7.017544,13.95479,0,0,0,0,0,6.977393,6.94107
Junction Area,15623,884.4919,608.5324,640.0819,248.9681,200.6862,230.4295,412.7629,278.3712,320.041,163.7948,97.10623,83.21065,39.31075,58.26374,38.40491,0,0,0,0,12.9475,0
Broadview North,12372,486.6381,563.0355,501.1316,49.48862,24.4798,56.57937,65.98483,203.9984,202.0692,57.73672,40.79967,24.2483,8.248103,8.159935,48.4966,0,0,0,8.248103,0,0
Princess-Rosethorn,12291,169.2907,240.285,195.2648,177.7552,231.9993,162.7207,186.2197,273.4278,97.63242,33.85814,115.9997,73.22431,50.7872,41.42845,32.54414,0,0,0,8.464534,8.28569,8.136035
North Riverdale,12585,434.2581,567.0927,246.325,88.45999,151.7572,103.2976,265.38,343.4505,270.1629,152.7945,175.7189,111.2435,40.20909,39.9361,15.89193,0,0,0,16.08364,15.97444,0
Etobicoke West Mall,13072,356.0408,389.1051,481.9461,71.20817,93.38522,76.49939,126.5923,62.25681,99.4492,31.64807,85.60311,76.49939,23.73606,46.69261,53.54957,15.82404,15.5642,7.649939,23.73606,23.3463,45.89963
Forest Hill North,13588,291.3056,303.9964,301.7368,171.7956,200.1928,294.3774,313.7138,281.7528,331.1746,119.51,163.12,117.751,0,22.24364,51.51604,0,0,0,7.469376,7.414547,0
Glenfield-Jane Heights,33031,909.3166,1039.208,844.6611,207.9325,254.4373,375.4049,117.9318,110.3584,148.3455,148.9665,144.079,148.3455,34.13817,36.78612,57.52172,6.206939,6.13102,3.027459,74.48327,91.9653,102.9336
Greenwood-Coxwell,15470,775.9074,795.2027,736.9102,118.3588,175.9875,187.4596,249.8685,312.8666,265.0291,124.9342,52.14444,135.7466,39.45292,26.07222,25.8565,0,0,12.92825,0,32.59027,19.39237
Guildwood,10679,451.099,284.468,327.746,19.1957,28.4468,103.0059,153.5656,94.82269,28.09252,47.98925,66.37588,28.09252,9.59785,9.482268,9.364173,9.59785,9.482268,0,0,0,9.364173
Trinity-Bellwoods,18270,709.7792,649.4948,574.7126,101.397,133.2297,71.1549,354.8896,610.6362,470.717,78.86436,99.92228,109.4691,45.06535,11.10248,43.78763,0,0,10.94691,0,5.551238,5.473454
Victoria Village,19005,599.7731,666.2403,594.5804,64.84033,85.27876,84.18837,194.521,314.4654,178.9003,70.24369,69.28899,57.87951,16.21008,26.64961,26.30887,5.403361,5.329922,0,10.80672,31.97953,21.04709
Waterfront Communities-The Island,87808,1143.316,1000.349,862.1082,77.75059,73.43116,76.30284,426.9909,405.6771,399.7358,147.8536,111.9524,94.52441,76.47599,90.28422,63.77551,1.2746,1.203789,3.416545,21.6682,12.0379,10.24964
West Hill,29669,1468.201,1518.305,1132.495,93.27392,150.1245,182.0082,355.8227,262.7179,192.1197,179.6387,249.0703,121.3388,17.27295,13.64769,30.33469,6.909179,6.823843,6.741043,17.27295,27.29537,23.59365
West Humber-Clairville,37133,883.3478,702.0238,667.8696,1406.088,1327.264,1066.437,475.2188,370.2079,288.1534,254.3818,197.4442,201.9767,142.5656,178.2482,150.8092,5.590809,5.484561,8.079067,44.72647,52.10333,18.85116
Westminster-Branson,28248,397.8156,389.9961,322.1467,126.5777,121.6501,169.9235,144.6602,135.9619,53.1011,57.86409,28.62356,60.18125,14.46602,3.577945,21.24044,0,0,0,3.616506,3.577945,3.540074
Kennedy Park,18407,1214.575,1212.753,950.7253,155.2881,137.1893,168.4142,266.2082,224.9904,173.8469,177.4721,137.1893,135.8179,110.9201,32.92542,48.89444,5.546004,5.487571,0,22.18402,10.97514,5.432716
Kingsview Village-The Westway,23318,439.3597,423.2713,420.2762,239.2553,172.7638,248.7349,169.6537,116.6156,55.75092,78.30172,64.78642,30.01973,13.05029,8.638189,30.01973,0,0,0,8.700191,12.95728,8.577065
Bayview Woods-Steeles,14020,298.0301,323.9274,235.378,50.88319,151.1661,106.99,210.8018,151.1661,235.378,58.15221,43.19033,7.132668,14.53805,14.39678,14.26534,7.269027,7.198388,0,21.80708,28.79355,7.132668
Clanton Park,18742,447.5274,469.8683,437.52,223.7637,234.9342,234.7668,290.8928,240.3978,176.0751,61.53502,65.56302,85.36976,50.34683,21.85434,26.67805,0,0,0,0,5.463585,16.00683
Keelesdale-Eglinton West,12050,613.8107,479.1124,663.9004,170.503,277.3809,182.5726,264.2796,151.2986,190.8714,161.9778,92.46028,91.28631,25.57545,67.24384,24.89627,8.525149,8.40548,0,42.62575,0,24.89627
O'Connor-Parkview,20156,680.3066,717.2593,585.4336,101.5383,140.4424,99.22604,131.9998,280.8848,124.0325,50.76915,70.2212,94.26473,30.46149,35.1106,49.61302,0,0,0,30.46149,25.079,19.84521
Old East York,9817,641.5563,512.9257,295.4059,93.12914,41.03406,81.49129,289.7351,133.3607,152.7962,72.43378,123.1022,50.93206,0,30.77554,40.74564,0,0,0,10.34768,0,10.18641
Casa Loma,12334,372.3449,447.3531,494.5679,152.3229,49.70591,145.9381,194.6348,281.6668,291.8761,50.77431,66.27454,24.32301,16.92477,16.56864,48.64602,0,0,0,0,0,0
Kensington-Chinatown,21196,2302.137,1945.052,1995.66,130.4043,209.0931,264.2008,1208.747,1351.811,825.6275,376.1661,247.9942,179.2791,125.3887,179.9173,127.3825,0,0,0,25.07774,14.58789,28.30723
Kingsway South,10327,332.7284,306.3544,116.2002,110.9095,296.472,174.3004,181.4882,247.06,203.3504,161.3228,128.4712,38.73342,40.33071,39.5296,29.05006,0,0,0,0,0,0
Runnymede-Bloor West Village,10792,320.8152,429.9066,315.0482,254.765,289.7196,157.5241,207.5863,252.3364,277.9837,188.7149,186.9159,64.86286,18.87148,18.69159,27.79837,0,0,0,0,0,0
Forest Hill South,12450,161.7434,222.9746,200.8032,195.7947,165.1664,297.1888,357.5381,289.0412,265.0602,68.10249,123.8748,40.16064,17.02562,33.03328,48.19277,0,0,0,0,0,0
Henry Farm,22545,370.981,391.2587,372.5882,77.28772,104.9718,93.14704,113.3553,186.0865,146.3739,46.37263,28.62868,26.61344,25.76257,62.02882,26.61344,0,0,0,15.45754,23.85724,13.30672
Annex,34680,811.145,899.0685,792.9642,102.5239,85.4852,106.6897,521.6657,624.9263,585.3518,147.755,114.9629,126.8743,138.7088,120.8584,95.15571,3.015409,2.947766,0,6.030818,2.947766,0
Caledonia-Fairbank,10729,561.21,696.6673,466.0266,104.6324,84.7298,74.56426,85.60829,84.7298,93.20533,85.60829,141.2163,74.56426,9.512033,18.82885,18.64107,0,0,0,38.04813,0,18.64107
Humber Heights-Westmount,12325,314.5991,315.4051,186.6126,127.5402,157.7025,186.6126,246.5777,190.9031,73.02232,42.51339,33.20053,16.22718,25.50804,41.50066,8.11359,0,0,0,25.50804,58.10093,0
Roncesvalles,16073,639.0787,746.5027,746.5937,151.8603,94.09698,93.32421,474.5634,595.9476,423.0697,158.1878,150.5552,149.3187,31.63756,62.73132,24.88646,0,0,0,12.65502,18.8194,6.221614
University,8433,1700.722,1649.013,1019.803,134.5895,180.5489,83.00723,893.1849,1107.366,711.4906,281.4144,156.4757,154.1563,244.7082,96.29273,59.29088,12.23541,12.03659,0,0,12.03659,0
Hillcrest Village,18349,408.3916,413.9758,256.1447,139.8601,149.0313,136.2472,234.965,198.7084,98.09799,100.6993,93.83452,76.29844,44.75525,33.11806,43.59911,5.594406,5.519678,0,5.594406,5.519678,0
Mount Dennis,14703,619.5615,632.7808,482.8947,111.3818,158.1952,163.232,146.1887,96.29273,149.6293,69.61365,110.0488,129.2253,6.961364,34.39026,20.404,20.88409,20.63416,6.801333,27.84546,27.51221,6.801333
Dorset Park,27051,761.306,617.3071,476.877,310.5825,224.4753,262.4672,249.9811,213.2515,262.4672,140.1409,142.1677,88.72131,56.81388,29.93004,18.4836,7.575184,7.48251,0,26.51314,29.93004,25.87705
Edenbridge-Humber Valley,17619,142.9593,197.594,181.6221,107.2194,133.6665,210.0006,268.0486,308.0142,130.5409,29.78318,17.43476,45.40553,29.78318,58.11588,5.675691,0,0,0,0,11.62318,5.675691
Dovercourt-Wallace Emerson-Junction,40355,685.8046,725.93,634.37,109.6268,92.93914,156.1145,359.4738,467.2076,384.0912,147.8687,128.1053,96.6423,33.14297,20.09495,29.73609,5.098919,5.023737,0,7.648378,7.535606,12.39004
Newtonbrook West,26115,670.4528,644.9106,693.0883,209.0235,233.1002,233.5822,212.9673,205.9052,122.5349,110.4275,77.70008,88.07199,35.49456,46.62005,38.29217,0,0,0,0,0,19.14608
Niagara,37931,625.1061,630.6823,469.2732,50.91362,81.90679,71.18188,200.8259,404.0735,284.7275,33.94241,49.14407,55.36369,42.42801,49.14407,29.00003,0,0,2.636366,19.79974,2.730226,7.909098
Beechborough-Greenbrook,7130,761.6037,993.1896,729.3127,201.1783,184.4495,196.3534,359.247,156.0726,98.17672,201.1783,170.2611,56.10098,0,42.56527,42.07574,0,0,0,0,70.94211,0
High Park North,24557,462.924,409.7682,342.0613,84.168,107.6159,73.29886,256.7124,277.3179,130.3091,109.4184,66.22517,73.29886,16.8336,20.69536,12.21648,0,0,0,0,0,0
High Park-Swansea,26494,285.1006,383.9361,279.3085,78.10974,99.82339,150.9776,175.7469,207.3255,184.9475,46.86584,84.46594,37.7444,11.71646,49.91169,30.19552,7.810975,7.678722,0,7.810975,15.35744,7.548879
Highland Creek,13943,372.9951,467.358,236.6779,149.1981,197.1666,114.7529,223.7971,240.9814,100.4088,37.29951,102.2346,14.34412,22.37971,7.302468,14.34412,7.459903,7.302468,0,22.37971,7.302468,7.172058
North St.James Town,20595,890.9355,1139.278,1126.487,55.05781,103.5707,131.0998,355.3731,345.2357,291.3329,140.1472,162.754,189.3663,15.01577,73.97909,43.69993,0,0,0,20.02102,9.863878,0
Oakridge,15735,1106.445,1047.904,997.7756,99.98,45.56105,133.4604,433.2467,331.9448,228.7893,246.6173,208.2791,177.9473,26.66133,39.05233,31.77629,0,0,6.355259,33.32667,13.01744,50.84207
Rosedale-Moore Park,23693,588.73,565.9236,620.4364,137.2228,138.2409,211.0328,274.4456,440.6428,417.8449,119.5166,90.72058,92.85443,48.69196,60.48039,42.20656,0,0,0,0,4.320028,4.220656
Oakwood Village,22588,566.0123,704.6022,504.6927,130.2727,169.4613,110.6782,85.35106,218.5159,141.6681,80.8589,187.2993,101.824,8.984323,8.919015,13.28139,8.984323,8.919015,8.854259,31.44513,66.89262,30.98991
Wexford/Maryvale,29864,715.9661,827.3673,582.6413,296.6145,344.455,311.4117,340.9362,297.1768,267.8811,119.3277,104.6873,97.10689,44.32171,50.65514,43.53067,3.409362,3.377009,3.348513,13.63745,10.13103,6.697027
Eglinton East,24885,778.1457,811.6155,614.8282,45.5298,110.1187,128.5915,186.2583,236.5512,92.42516,149.0066,146.8249,92.42516,24.83444,32.62776,32.14788,8.278146,8.15694,8.03697,4.139073,24.47082,44.20333
Elms-Old Rexdale,10045,565.828,722.3114,477.8497,323.3303,280.8989,398.2081,70.7285,100.321,139.3728,131.3529,150.4815,69.68641,10.10407,40.12841,19.9104,0,0,0,30.31222,70.22472,0
Agincourt North,31618,259.7656,259.4823,218.2301,136.3769,134.5464,183.4398,224.0478,179.3952,53.76684,139.624,118.529,53.76684,12.98828,6.406971,15.81378,0,0,0,0,6.406971,6.325511
Agincourt South-Malvern West,27406,454.598,453.4723,481.6464,146.396,217.3669,229.8767,358.2849,374.7704,299.2046,127.1333,108.6834,65.67905,38.52525,56.21557,29.19069,0,0,7.297672,19.26263,7.495409,3.648836
Englemount-Lawrence,25089,403.1755,463.754,410.5385,166.2579,93.5644,119.5743,216.1353,130.1766,135.5176,41.56449,61.02026,95.65945,29.09514,28.47612,31.88648,0,0,3.985811,33.25159,48.81621,43.84391
Eringate-Centennial-West Deane,19924,184.3979,228.2179,210.801,138.2984,207.9318,250.9536,169.0314,101.4302,60.22887,56.3438,55.78659,95.36237,20.48866,20.28603,20.07629,5.122164,5.071508,0,15.36649,10.14302,20.07629
L'Amoreaux,48519,345.3348,412.8854,397.7823,68.21428,79.64287,68.0146,162.0089,180.2444,98.93031,83.13615,125.7519,57.70935,19.18527,4.19173,12.36629,0,0,4.122097,14.92187,18.86278,18.54943
Banbury-Don Mills,31186,258.4326,239.5406,266.1451,93.9755,144.3806,157.1218,285.2828,265.7916,131.4693,23.49388,42.65792,22.44597,26.85014,52.50205,25.65254,0,0,0,0,6.562757,6.413134
Bathurst Manor,17628,400.424,340.8631,329.022,217.8777,138.6562,260.9485,188.4348,127.1015,153.1654,58.88588,103.9921,45.38235,17.66576,28.88671,39.70955,0,0,0,0,0,0
Alderwood,13242,233.5721,275.8409,279.414,194.6434,107.2715,211.4484,179.0719,199.2184,324.7244,62.28589,38.31124,90.62075,54.50016,53.63574,37.75865,0,0,0,0,7.662248,0
Regent Park,13131,1133.843,1399.763,1127.104,73.94627,189.7983,76.15566,230.0551,521.9454,213.2359,271.1363,150.257,129.4646,41.08126,39.54132,38.07783,0,0,7.615566,82.16251,47.44958,53.30896
Bendale,32770,801.0303,847.6674,659.1395,169.63,170.1522,173.9396,163.3474,160.8712,94.59872,150.7822,133.0281,67.13457,40.83684,27.84309,21.361,3.141295,3.093677,3.051572,6.282591,6.187353,27.46414
Birchcliffe-Cliffside,24182,844.5085,866.8705,587.2136,101.8503,108.8823,86.84145,297.0633,238.7035,190.2241,89.119,129.8212,82.70615,33.95009,29.31446,20.67654,0,0,0,4.243762,8.37556,0
Weston-Pellam Park,12074,738.1639,962.7459,819.9437,110.3004,100.4604,140.7984,195.1468,200.9209,240.1855,229.0854,41.85852,24.84678,16.96929,25.11511,24.84678,8.484643,8.371704,0,33.93857,25.11511,33.12904
Downsview-Roding-CFB,38981,1137.06,1141.529,915.8308,290.2564,423.1754,392.4989,229.0097,305.6267,225.751,189.0661,161.956,141.0944,37.28064,36.57071,59.00311,7.988709,7.836581,5.130705,26.62903,31.34632,25.65352
Lambton Baby Point,8433,300.2642,310.1515,367.6035,192.1691,119.289,130.4399,120.1057,178.9336,154.1563,12.01057,47.71561,11.85818,24.02114,11.9289,23.71635,0,0,0,0,35.78671,0
Bay Street Corridor,32790,2562.042,2855.956,1573.651,140.6611,169.3129,76.24276,569.3426,642.111,692.2842,425.3324,376.9607,250.0762,177.5009,236.3991,131.1375,13.3963,12.77833,3.04971,20.09444,19.16749,15.24855
Black Creek,23206,916.1443,952.0084,1210.894,236.7071,334.7244,349.0477,131.504,165.1887,112.04,135.8874,213.0064,107.7308,35.06773,39.12363,68.94769,0,0,12.92769,65.75198,26.08242,77.56615
Willowdale East,57856,363.2599,309.9704,238.5232,74.46828,118.6744,126.1753,138.0388,157.6421,131.3606,121.6921,77.93542,67.40874,25.42819,49.59527,29.3833,0,0,1.728429,3.632599,3.542519,5.185287
Willowdale West,19571,501.8888,561.8273,424.0969,59.36319,126.0173,219.7128,188.8829,105.0144,117.5208,161.8996,120.7666,127.74,32.37992,42.00578,45.98641,0,0,0,0,5.250722,5.109601
Rouge,50790,394.8807,375.3694,295.3337,121.5018,175.7048,124.0402,164.0274,117.8021,74.81788,68.851,75.87254,78.75566,32.40047,25.95639,17.72002,0,0,1.968892,6.075088,9.983228,9.844458
Mount Olive-Silverstone-Jamestown,35772,736.5163,789.8313,567.483,223.5341,246.2915,237.616,77.3772,99.08278,47.5232,177.681,167.0253,78.27351,8.597466,25.47843,22.36386,8.597466,8.492809,5.590965,42.98733,33.97124,44.72772
Cabbagetown-South St.James Town,12655,889.6078,1118.926,1106.282,129.3975,175.8312,102.7262,331.5811,887.1483,561.0431,274.9697,135.8696,126.4322,40.43672,31.96931,23.70605,0,0,7.902015,24.26203,0,7.902015
Mount Pleasant East,17972,221.1637,320.009,228.1326,73.72122,95.44128,105.72,204.1511,280.7096,205.8758,45.36691,72.9845,89.02737,51.03777,16.84258,22.25684,0,0,0,0,5.614192,0
Mount Pleasant West,36333,390.4969,412.4184,418.3524,50.67517,34.3682,66.05565,268.2803,340.818,434.8664,74.52231,68.7364,49.54174,23.84714,20.04811,27.52319,5.961785,5.728033,5.504638,2.980892,2.864017,0
Blake-Jones,8287,762.5139,803.4084,675.7572,110.6875,85.20998,84.46965,332.0625,219.1114,337.8786,172.1805,109.5557,48.26837,12.29861,48.69142,60.33546,0,0,0,24.59722,24.34571,24.13419
Rexdale-Kipling,11095,719.1625,561.34,432.6273,527.9927,461.7474,405.5881,163.8598,126.7542,162.2352,200.2731,208.239,117.1699,27.30997,27.16161,9.013069,18.20665,18.10774,0,27.30997,45.26935,9.013069
East End-Danforth,23112,818.8015,817.9512,636.0332,141.6305,83.10734,112.4957,349.6504,271.1924,268.2589,141.6305,118.0999,116.8224,35.40763,39.36663,21.63378,0,0,0,8.851908,8.748141,8.653513
New Toronto,12539,860.938,897.5499,693.8352,98.39291,185.9788,159.5023,172.1876,202.1509,326.9798,163.9882,137.4626,87.7263,8.199409,8.086036,39.87559,0,0,0,8.199409,16.17207,31.90047
Palmerston-Little Italy,14992,563.9736,599.0845,340.1814,156.2818,87.50673,106.7236,312.5637,343.2956,320.1707,135.8973,94.23802,40.02134,67.94863,87.50673,26.6809,0,0,6.670224,6.794863,0,0
Parkwoods-Donalda,38257,383.1935,422.0193,392.0851,53.97091,82.28049,115.0116,213.1851,180.4863,125.4672,62.06655,95.55154,23.52511,18.88982,13.27105,5.227801,2.698545,2.65421,2.613901,8.095636,2.65421,15.6834
Pelmo Park-Humberlea,12278,643.1144,676.8614,447.9557,574.5155,601.6545,464.245,205.7966,192.1952,162.893,162.9223,75.20682,57.01254,34.29943,58.49419,81.44649,8.574859,8.356313,0,25.72458,25.06894,48.86789
Playter Estates-Danforth,8257,698.872,1010.962,932.5421,110.3482,133.9829,84.77655,294.2619,426.3094,605.5468,85.82639,133.9829,96.88749,24.52182,73.0816,84.77655,0,0,0,0,12.18027,12.11094
Willowridge-Martingrove-Richview,24158,328.0784,399.1093,397.3839,217.2987,180.6495,285.6197,281.2101,176.4483,78.6489,72.43289,163.8449,53.8124,17.04303,12.60345,16.55766,4.260758,4.201151,0,25.56455,21.00576,28.97591
Woburn,58109,690.1055,754.3291,598.8745,104.1336,106.2681,165.2068,174.7326,174.21,111.8587,134.1382,116.7207,94.64971,24.70966,13.9368,24.09265,0,0,3.441808,21.17971,26.13149,25.81356
Woodbine-Lumsden,8309,486.9734,399.0809,373.0894,24.34867,96.74689,48.14057,170.4407,120.9336,144.4217,73.04602,36.28008,72.21085,36.52301,60.4668,12.03514,12.17434,12.09336,0,12.17434,0,0
Bayview Village,24799,251.4705,277.7548,278.237,38.3599,157.5325,112.9078,213.1106,153.3869,120.9726,21.31106,62.1839,72.58357,29.83548,49.74712,48.38905,0,0,4.032421,4.262211,4.145593,4.032421
Bedford Park-Nortown,26015,164.4077,223.6785,196.0407,200.4972,247.2236,303.671,405.0044,353.1766,246.0119,52.12928,54.93859,65.34692,28.06961,70.63532,34.59542,0,0,0,0,11.77255,0
Rockcliffe-Smythe,23751,565.4316,628.637,538.9247,214.1786,161.4068,256.8313,102.8057,182.6445,151.5726,81.38788,38.22792,54.73454,64.25359,38.22792,16.8414,4.283573,4.247547,8.420698,21.41786,25.48528,21.05174
Bridle Path-Sunnybrook-York Mills,10942,313.1728,406.5041,411.2594,88.07986,103.9894,146.2256,518.6925,501.0399,274.1729,0,122.8966,73.11278,39.1466,28.36075,54.83458,0,0,0,19.5733,28.36075,27.41729
Don Valley Village,29406,439.7599,492.7296,326.464,94.23426,75.80457,115.6227,202.4292,110.2612,102.02,122.1555,117.1525,78.21533,38.39174,48.23927,20.404,0,0,6.801333,3.490158,10.33699,0
Weston,20037,839.3782,981.7386,1018.116,290.1554,239.0762,389.2798,196.8912,295.0303,119.7784,217.6166,132.2549,134.7507,41.45078,20.34691,49.90767,10.36269,10.17346,14.9723,41.45078,76.30093,24.95383
Lawrence Park South,16585,86.98354,159.0895,168.8273,192.6064,165.2083,180.8863,223.672,348.7732,349.7136,31.06555,91.78242,72.35454,12.42622,48.95062,72.35454,0,0,0,0,0,0
Brookhaven-Amesbury,18892,526.6835,533.4471,465.8056,257.9674,192.041,285.8353,177.3526,266.7236,174.6771,107.4864,101.355,84.69193,59.11753,64.01366,47.63921,0,0,0,16.12296,37.3413,0
Long Branch,11564,518.7477,540.876,579.3843,100.1092,97.53503,198.8931,354.9326,257.1378,294.0159,91.00837,266.0046,138.3604,27.30251,17.73364,34.59011,0,0,0,0,0,0
Malvern,47548,584.3414,708.9783,485.8249,131.5307,161.8089,132.4977,137.9994,93.67881,52.57845,109.9683,91.54974,50.47531,34.49986,19.16158,12.61883,2.156241,2.129064,2.103138,23.71865,27.67783,31.54707
Dufferin Grove,12858,858.9152,628.9308,614.4035,127.2467,31.44654,139.9907,365.8343,345.912,435.5265,143.1525,227.9874,147.7679,55.67043,55.03145,31.10904,7.952919,7.861635,7.777259,15.90584,0,23.33178
Maple Leaf,10947,299.4012,258.9955,274.0477,121.6317,231.246,155.2937,65.49401,138.7476,100.4842,56.13773,36.99935,18.26985,37.42515,27.74951,18.26985,0,0,0,18.71257,0,9.134923
Markland Wood,11146,209.3383,144.6524,376.8168,172.9316,81.36697,251.2112,227.5416,226.0193,107.6619,36.40666,117.5301,143.5493,18.20333,27.12232,62.8028,0,0,0,9.101665,18.08155,0
Steeles,26911,118.6648,177.1913,156.07,91.86954,116.8709,104.0467,237.3297,248.8219,92.89881,34.45108,30.16023,22.29572,11.48369,18.85014,3.715953,0,0,0,3.827898,0,7.431905
Lawrence Park North,15751,136.4434,243.9807,272.9985,253.3948,115.5698,146.0225,84.46495,147.6725,120.6273,12.99461,44.94382,76.18564,25.98921,25.68218,6.348803,0,0,0,0,0,0
Yonge-Eglinton,13183,519.1536,710.6442,682.6974,94.39157,92.69273,136.5395,196.6491,316.7001,257.9079,235.9789,92.69273,75.85527,39.32982,69.51955,53.09869,7.865964,7.724394,0,0,7.724394,7.585527
Morningside,18859,711.0677,970.0933,551.4608,65.13597,42.87705,164.3777,103.132,91.11373,95.44514,75.99197,91.11373,37.11756,10.856,21.43852,10.60502,5.427998,5.359631,5.302508,10.856,10.71926,37.11756
Moss Park,23905,2442.04,2750.795,3162.518,229.6313,184.819,167.329,600.5741,1010.058,840.8283,697.7258,597.4383,543.8193,158.9755,107.4529,66.9316,13.24796,12.89435,8.36645,39.74387,12.89435,20.91613
Little Portugal,17741,494.0305,483.2863,450.9329,70.57578,63.2875,152.1898,329.3536,333.6977,304.3797,70.57578,51.78068,50.72995,64.69447,51.78068,33.81997,0,0,0,5.881315,11.50682,0
Woodbine Corridor,13484,688.2469,666.6168,504.3014,90.75783,59.9206,81.57816,181.5157,247.1725,252.1507,181.5157,74.90076,51.91338,52.94207,29.9603,29.66479,0,0,0,0,14.98015,0
Newtonbrook East,17742,471.3413,463.9175,309.9989,69.82834,154.6392,208.5447,372.4178,303.551,214.181,34.91417,63.00114,84.54515,23.27611,57.27377,56.36343,0,0,0,0,0,5.636343
Milliken,29166,261.7801,351.4021,294.8639,318.3812,299.2137,240.0055,424.5083,459.2582,205.719,70.75138,135.6899,116.5741,63.67624,80.02227,41.1438,3.537569,3.479229,0,7.075138,3.479229,3.42865
Pleasant View,16856,277.6269,304.8963,243.2368,78.45978,143.4806,172.0456,199.1671,71.7403,112.7195,60.35367,101.6321,59.32606,30.17684,23.91343,35.59563,0,0,5.932606,6.035367,0,11.86521
Wychwood,16037,479.6474,438.6523,530.0243,129.6344,57.21551,162.1251,194.4516,311.5067,280.6011,129.6344,69.93007,118.476,19.44516,0,6.23558,6.481721,6.357279,6.23558,6.481721,6.357279,12.47116
Leaside-Bennington,18627,200.5795,174.959,155.688,228.4377,169.4915,225.4791,189.4361,246.0361,209.3735,44.57321,10.93494,37.57986,16.71495,38.27228,37.57986,0,0,0,0,0,0
Briar Hill-Belgravia,15448,603.0883,530.2783,556.7064,251.8391,137.4795,239.5132,218.7024,320.7856,297.7732,165.6836,196.3993,64.7333,26.50938,39.27987,51.78664,0,0,0,13.25469,13.09329,6.47333
Mimico (includes Humber Bay Shores),38739,1317.997,856.2594,738.2741,59.53992,163.8521,134.2317,135.318,211.4221,136.813,78.48444,44.92719,28.39516,32.47632,50.21274,49.04618,2.70636,2.642776,2.581378,2.70636,7.928328,5.162756
